--INIT DATA

------------------------------------------------------------------------------------------------------------------------
-- CUSTOMER_INFO                                                                                                       -
------------------------------------------------------------------------------------------------------------------------
INSERT INTO CUSTOMER_INFO (ID, CREATED_AT, MODIFIED_AT, DELETED_AT, CUSTOMER_NUMBER, EXPIRY_MONTH, EXPIRY_YEAR,
    START_MONTH, START_YEAR, ISSUE_NUMBER, EMAIL, BIRTHDAY, GENDER, BILLING_TITLE, BILLING_FIRST_NAME,
    BILLING_LAST_NAME, BILLING_COMPANY, BILLING_ADDRESS1, BILLING_ADDRESS2, BILLING_CITY, BILLING_POSTCODE,
    BILLING_STATE, BILLING_COUNTRY, BILLING_PHONE, BILLING_FAX, SHIPPING_TITLE, SHIPPING_FIRST_NAME, SHIPPING_LAST_NAME,
    SHIPPING_COMPANY, SHIPPING_ADDRESS1, SHIPPING_ADDRESS2, SHIPPING_CITY, SHIPPING_POSTCODE, SHIPPING_STATE,
    SHIPPING_COUNTRY, SHIPPING_PHONE, SHIPPING_FAX, TOKEN)
VALUES (99911, CURRENT_TIMESTAMP, CURRENT_TIMESTAMP, NULL, 99911, 1, 2025, 01, 2019, 111111, 'customer1@mail.com',
    PARSEDATETIME('26 06 1980, 05:15:58','dd MM yyyy, HH:mm:ss','en'), 0,
    'Mr.', 'BILL_FIRSTNAME1', 'BILL_LASTNAME1', 'BILL_COMPANY1', 'BILL_ADD1_1', 'BILL_ADD1_2','BILL_CITY1',
    'BILL_POSTCODE1', 'BILL_STATE1', 'BILL_COUNTRY1', 'BILL_PHONE1', 'BILL_FAX1',
    'Mr.', 'SHIP_FIRSTNAME1', 'SHIP_LASTNAME1', 'SHIP_COMPANY1', 'SHIP_ADD1_1', 'SHIP_ADD1_2','SHIP_CITY1',
    'SHIP_POSTCODE1', 'SHIP_STATE1', 'SHIP_COUNTRY1', 'SHIP_PHONE1', 'SHIP_FAX1',
    'token1');

INSERT INTO CUSTOMER_INFO (ID, CREATED_AT, MODIFIED_AT, DELETED_AT, CUSTOMER_NUMBER, EXPIRY_MONTH, EXPIRY_YEAR,
    START_MONTH, START_YEAR, ISSUE_NUMBER, EMAIL, BIRTHDAY, GENDER, BILLING_TITLE, BILLING_FIRST_NAME,
    BILLING_LAST_NAME, BILLING_COMPANY, BILLING_ADDRESS1, BILLING_ADDRESS2, BILLING_CITY, BILLING_POSTCODE,
    BILLING_STATE, BILLING_COUNTRY, BILLING_PHONE, BILLING_FAX, SHIPPING_TITLE, SHIPPING_FIRST_NAME, SHIPPING_LAST_NAME,
    SHIPPING_COMPANY, SHIPPING_ADDRESS1, SHIPPING_ADDRESS2, SHIPPING_CITY, SHIPPING_POSTCODE, SHIPPING_STATE,
    SHIPPING_COUNTRY, SHIPPING_PHONE, SHIPPING_FAX, TOKEN)
VALUES (99912, CURRENT_TIMESTAMP, CURRENT_TIMESTAMP, NULL, 99912, 1, 2025, 01, 2018, 222222, 'customer2@mail.com',
    PARSEDATETIME('26 06 1979, 05:15:58','dd MM yyyy, HH:mm:ss','en'), 0,
    'Mr.', 'BILL_FIRSTNAME2', 'BILL_LASTNAME2', 'BILL_COMPANY2', 'BILL_ADD2_1', 'BILL_ADD2_2','BILL_CITY2',
    'BILL_POSTCODE2', 'BILL_STATE2', 'BILL_COUNTRY2', 'BILL_PHONE2', 'BILL_FAX2',
    'Mr.', 'SHIP_FIRSTNAME2', 'SHIP_LASTNAME2', 'SHIP_COMPANY2', 'SHIP_ADD2_1', 'SHIP_ADD2_2','SHIP_CITY2',
    'SHIP_POSTCODE2', 'SHIP_STATE2', 'SHIP_COUNTRY2', 'SHIP_PHONE2', 'SHIP_FAX2',
    'token2');

INSERT INTO CUSTOMER_INFO (ID, CREATED_AT, MODIFIED_AT, DELETED_AT, CUSTOMER_NUMBER, EXPIRY_MONTH, EXPIRY_YEAR,
    START_MONTH, START_YEAR, ISSUE_NUMBER, EMAIL, BIRTHDAY, GENDER, BILLING_TITLE, BILLING_FIRST_NAME,
    BILLING_LAST_NAME, BILLING_COMPANY, BILLING_ADDRESS1, BILLING_ADDRESS2, BILLING_CITY, BILLING_POSTCODE,
    BILLING_STATE, BILLING_COUNTRY, BILLING_PHONE, BILLING_FAX, SHIPPING_TITLE, SHIPPING_FIRST_NAME, SHIPPING_LAST_NAME,
    SHIPPING_COMPANY, SHIPPING_ADDRESS1, SHIPPING_ADDRESS2, SHIPPING_CITY, SHIPPING_POSTCODE, SHIPPING_STATE,
    SHIPPING_COUNTRY, SHIPPING_PHONE, SHIPPING_FAX, TOKEN)
VALUES (99913, CURRENT_TIMESTAMP, CURRENT_TIMESTAMP, NULL, 99913, 1, 2025, 01, 2017, 333333, 'customer3@mail.com',
    PARSEDATETIME('02 03 1990, 05:15:58','dd MM yyyy, HH:mm:ss','en'), 0,
    'Mr.', 'BILL_FIRSTNAME3', 'BILL_LASTNAME3', 'BILL_COMPANY3', 'BILL_ADD3_1', 'BILL_ADD3_2','BILL_CITY3',
    'BILL_POSTCODE3', 'BILL_STATE3', 'BILL_COUNTRY3', 'BILL_PHONE3', 'BILL_FAX3',
    'Mr.', 'SHIP_FIRSTNAME3', 'SHIP_LASTNAME3', 'SHIP_COMPANY3', 'SHIP_ADD3_1', 'SHIP_ADD3_2','SHIP_CITY3',
    'SHIP_POSTCODE3', 'SHIP_STATE3', 'SHIP_COUNTRY3', 'SHIP_PHONE3', 'SHIP_FAX3',
    'token3');

INSERT INTO CUSTOMER_INFO (ID, CREATED_AT, MODIFIED_AT, DELETED_AT, CUSTOMER_NUMBER, EXPIRY_MONTH, EXPIRY_YEAR,
    START_MONTH, START_YEAR, ISSUE_NUMBER, EMAIL, BIRTHDAY, GENDER, BILLING_TITLE, BILLING_FIRST_NAME,
    BILLING_LAST_NAME, BILLING_COMPANY, BILLING_ADDRESS1, BILLING_ADDRESS2, BILLING_CITY, BILLING_POSTCODE,
    BILLING_STATE, BILLING_COUNTRY, BILLING_PHONE, BILLING_FAX, SHIPPING_TITLE, SHIPPING_FIRST_NAME, SHIPPING_LAST_NAME,
    SHIPPING_COMPANY, SHIPPING_ADDRESS1, SHIPPING_ADDRESS2, SHIPPING_CITY, SHIPPING_POSTCODE, SHIPPING_STATE,
    SHIPPING_COUNTRY, SHIPPING_PHONE, SHIPPING_FAX, TOKEN)
VALUES (99914, CURRENT_TIMESTAMP, CURRENT_TIMESTAMP, NULL, 99914, 1, 2025, 01, 2017, 444444, 'customer4@mail.com',
    PARSEDATETIME('12 05 1985, 05:15:58','dd MM yyyy, HH:mm:ss','en'), 0,
    'Mr.', 'BILL_FIRSTNAME4', 'BILL_LASTNAME4', 'BILL_COMPANY4', 'BILL_ADD4_1', 'BILL_ADD4_2','BILL_CITY4',
    'BILL_POSTCODE4', 'BILL_STATE4', 'BILL_COUNTRY4', 'BILL_PHONE4', 'BILL_FAX4',
    'Mr.', 'SHIP_FIRSTNAME4', 'SHIP_LASTNAME4', 'SHIP_COMPANY4', 'SHIP_ADD4_1', 'SHIP_ADD4_2','SHIP_CITY4',
    'SHIP_POSTCODE4', 'SHIP_STATE4', 'SHIP_COUNTRY4', 'SHIP_PHONE4', 'SHIP_FAX4',
    'token4');

INSERT INTO CUSTOMER_INFO (ID, CREATED_AT, MODIFIED_AT, DELETED_AT, CUSTOMER_NUMBER, EXPIRY_MONTH, EXPIRY_YEAR,
    START_MONTH, START_YEAR, ISSUE_NUMBER, EMAIL, BIRTHDAY, GENDER, BILLING_TITLE, BILLING_FIRST_NAME,
    BILLING_LAST_NAME, BILLING_COMPANY, BILLING_ADDRESS1, BILLING_ADDRESS2, BILLING_CITY, BILLING_POSTCODE,
    BILLING_STATE, BILLING_COUNTRY, BILLING_PHONE, BILLING_FAX, SHIPPING_TITLE, SHIPPING_FIRST_NAME, SHIPPING_LAST_NAME,
    SHIPPING_COMPANY, SHIPPING_ADDRESS1, SHIPPING_ADDRESS2, SHIPPING_CITY, SHIPPING_POSTCODE, SHIPPING_STATE,
    SHIPPING_COUNTRY, SHIPPING_PHONE, SHIPPING_FAX, TOKEN)
VALUES (99915, CURRENT_TIMESTAMP, CURRENT_TIMESTAMP, NULL, 99915, 1, 2025, 01, 2017, 555555, 'customer5@mail.com',
    PARSEDATETIME('24 11 1976, 05:15:58','dd MM yyyy, HH:mm:ss','en'), 0,
    'Mr.', 'BILL_FIRSTNAME5', 'BILL_LASTNAME5', 'BILL_COMPANY5', 'BILL_ADD5_1', 'BILL_ADD5_2','BILL_CITY5',
    'BILL_POSTCODE5', 'BILL_STATE5', 'BILL_COUNTRY5', 'BILL_PHONE5', 'BILL_FAX5',
    'Mr.', 'SHIP_FIRSTNAME5', 'SHIP_LASTNAME5', 'SHIP_COMPANY5', 'SHIP_ADD5_1', 'SHIP_ADD5_2','SHIP_CITY5',
    'SHIP_POSTCODE5', 'SHIP_STATE5', 'SHIP_COUNTRY5', 'SHIP_PHONE5', 'SHIP_FAX5',
    'token5');

------------------------------------------------------------------------------------------------------------------------
-- MERCHANT                                                                                                            -
------------------------------------------------------------------------------------------------------------------------
INSERT INTO MERCHANT (ID, NAME, ALLOW_PARTIAL_REFUND, ALLOW_PARTIAL_CAPTURE)
VALUES (99921, 'MERCHANT1', true, true);

INSERT INTO MERCHANT (ID, NAME, ALLOW_PARTIAL_REFUND, ALLOW_PARTIAL_CAPTURE)
VALUES (99922, 'MERCHANT2', false, true);

INSERT INTO MERCHANT (ID, NAME, ALLOW_PARTIAL_REFUND, ALLOW_PARTIAL_CAPTURE)
VALUES (99923, 'MERCHANT3', true, false);

INSERT INTO MERCHANT (ID, NAME, ALLOW_PARTIAL_REFUND, ALLOW_PARTIAL_CAPTURE)
VALUES (99924, 'MERCHANT4', false, false);

------------------------------------------------------------------------------------------------------------------------
-- TRANSACTION                                                                                                         -
------------------------------------------------------------------------------------------------------------------------
-- 1                                                                                                                   -
------------------------------------------------------------------------------------------------------------------------
INSERT INTO ACQUIRER_TRANSACTION (ID, NAME, CODE, TYPE, ACQUIRER_TRANSACTION_ID)
VALUES (999301, 'RoyalPay PayToCard', 'RP', 0, '999301RP0');

INSERT INTO AGENT (ID, CREATED_AT, MODIFIED_AT, DELETED_AT, CUSTOMER_IP, CUSTOMER_USER_AGENT,
    MERCHANT_IP, MERCHANT_USER_AGENT)
VALUES (999401, CURRENT_TIMESTAMP, CURRENT_TIMESTAMP, NULL, '213.74.172.226', 'PostmanRuntime/7.3.0',
    '213.74.172.226', 'PostmanRuntime/7.3.0');

INSERT INTO FX_TRANSACTION(ID, ORIGINAL_AMOUNT, ORIGINAL_CURRENCY,
    CONVERTED_AMOUNT, CONVERTED_CURRENCY, FX_TRANSACTION_ID)
VALUES (999501, 1000, 'USD', 1000, 'USD', 'FX-999501');

INSERT INTO IPN(ID, SENT, URL, TYPE, TOKEN)
VALUES (999601, true, 'https://requestb.in/999601', 'MERCHANTIPN', '999601MERCHANTIPN');

INSERT INTO TRANSACTION (ID, CREATED_AT, MODIFIED_AT, DELETED_AT, TRANSACTION_DATE, REFERENCE_NO, CHAIN_ID, RETURN_URL,
    STATUS, OPERATION, CODE, MESSAGE, CHANNEL, CUSTOM_DATA, TYPE, REFUNDABLE,
    CUSTOMER_INFO_ID, MERCHANT_ID, ACQUIRER_TRANSACTION_ID, AGENT_ID, FX_TRANSACTION_ID, IPN_ID)
VALUES (999701, CURRENT_TIMESTAMP, CURRENT_TIMESTAMP, NULL, EXTRACT(SECOND FROM CURRENT_TIMESTAMP), 'test-transaction-1',
    '999701', NULL, 0, 0, '00', 'Approved', 'API', NULL, 'AUTH', false, 99911, 99921, 999301, 999401, 999501, 999601);
------------------------------------------------------------------------------------------------------------------------
-- 2                                                                                                                   -
------------------------------------------------------------------------------------------------------------------------
INSERT INTO ACQUIRER_TRANSACTION (ID, NAME, CODE, TYPE, ACQUIRER_TRANSACTION_ID)
VALUES (999302, 'Speedy PayToCard', 'SP', 0, '999302RP0');

INSERT INTO AGENT (ID, CREATED_AT, MODIFIED_AT, DELETED_AT, CUSTOMER_IP, CUSTOMER_USER_AGENT,
    MERCHANT_IP, MERCHANT_USER_AGENT)
VALUES (999402, CURRENT_TIMESTAMP, CURRENT_TIMESTAMP, NULL, '192.165.172.226', 'PostmanRuntime/7.3.0',
    '192.165.172.223', 'PostmanRuntime/7.3.0');

INSERT INTO FX_TRANSACTION(ID, ORIGINAL_AMOUNT, ORIGINAL_CURRENCY,
    CONVERTED_AMOUNT, CONVERTED_CURRENCY, FX_TRANSACTION_ID)
VALUES (999502, 870, 'TRY', 870, 'TRY', 'FX-999502');

INSERT INTO IPN(ID, SENT, URL, TYPE, TOKEN)
VALUES (999602, true, 'https://requestb.in/999602', 'MERCHANTIPN', '999602MERCHANTIPN');

--1539329656 -> 2018-10-12 07:34:16
INSERT INTO TRANSACTION (ID, CREATED_AT, MODIFIED_AT, DELETED_AT, TRANSACTION_DATE, REFERENCE_NO, CHAIN_ID, RETURN_URL,
    STATUS, OPERATION, CODE, MESSAGE, CHANNEL, CUSTOM_DATA, TYPE, REFUNDABLE,
    CUSTOMER_INFO_ID, MERCHANT_ID, ACQUIRER_TRANSACTION_ID, AGENT_ID, FX_TRANSACTION_ID, IPN_ID)
VALUES (999702,
    DATEADD(SECOND, 1539329656, DATE '1970-01-01'),
    DATEADD(SECOND, 1539329656, DATE '1970-01-01'),
    NULL, 1539329656, 'test-transaction-2', '999702', NULL, 0, 0, '00', 'Approved', 'API', NULL, 'AUTH', false,
    99911, 99921, 999302, 999402, 999502, 999602);
------------------------------------------------------------------------------------------------------------------------
-- 3                                                                                                                   -
------------------------------------------------------------------------------------------------------------------------
INSERT INTO ACQUIRER_TRANSACTION (ID, NAME, CODE, TYPE, ACQUIRER_TRANSACTION_ID)
VALUES (999303, 'Mergen Bank', 'MB', 3, '999303RP0');

INSERT INTO AGENT (ID, CREATED_AT, MODIFIED_AT, DELETED_AT, CUSTOMER_IP, CUSTOMER_USER_AGENT,
    MERCHANT_IP, MERCHANT_USER_AGENT)
VALUES (999403, CURRENT_TIMESTAMP, CURRENT_TIMESTAMP, NULL, '213.74.172.222', 'PostmanRuntime/7.3.0',
    '213.74.172.222', 'PostmanRuntime/7.3.0');

INSERT INTO FX_TRANSACTION(ID, ORIGINAL_AMOUNT, ORIGINAL_CURRENCY,
    CONVERTED_AMOUNT, CONVERTED_CURRENCY, FX_TRANSACTION_ID)
VALUES (999503, 500, 'GBP', 1000, 'GBP', 'FX-999503');

INSERT INTO IPN(ID, SENT, URL, TYPE, TOKEN)
VALUES (999603, true, 'https://requestb.in/999603', 'MERCHANTIPN', '999603MERCHANTIPN');

INSERT INTO TRANSACTION (ID, CREATED_AT, MODIFIED_AT, DELETED_AT, TRANSACTION_DATE, REFERENCE_NO, CHAIN_ID, RETURN_URL,
    STATUS, OPERATION, CODE, MESSAGE, CHANNEL, CUSTOM_DATA, TYPE, REFUNDABLE,
    CUSTOMER_INFO_ID, MERCHANT_ID, ACQUIRER_TRANSACTION_ID, AGENT_ID, FX_TRANSACTION_ID, IPN_ID)
VALUES (999703, CURRENT_TIMESTAMP, CURRENT_TIMESTAMP, NULL, EXTRACT(SECOND FROM CURRENT_TIMESTAMP), 'test-transaction-3',
    '999703', NULL, 0, 0, '00', 'Approved', 'API', NULL, 'AUTH', false, 99911, 99921, 999303, 999403, 999503, 999603);
------------------------------------------------------------------------------------------------------------------------
-- 4                                                                                                                   -
------------------------------------------------------------------------------------------------------------------------
INSERT INTO ACQUIRER_TRANSACTION (ID, NAME, CODE, TYPE, ACQUIRER_TRANSACTION_ID)
VALUES (999304, 'Mergen Bank', 'MB', 3, '999304RP0');

INSERT INTO AGENT (ID, CREATED_AT, MODIFIED_AT, DELETED_AT, CUSTOMER_IP, CUSTOMER_USER_AGENT,
    MERCHANT_IP, MERCHANT_USER_AGENT)
VALUES (999404, CURRENT_TIMESTAMP, CURRENT_TIMESTAMP, NULL, '213.74.172.222', 'PostmanRuntime/7.3.0',
    '213.74.172.222', 'PostmanRuntime/7.3.0');

INSERT INTO FX_TRANSACTION(ID, ORIGINAL_AMOUNT, ORIGINAL_CURRENCY,
    CONVERTED_AMOUNT, CONVERTED_CURRENCY, FX_TRANSACTION_ID)
VALUES (999504, 300, 'GBP', 300, 'GBP', 'FX-999504');

INSERT INTO IPN(ID, SENT, URL, TYPE, TOKEN)
VALUES (999604, true, 'https://requestb.in/999604', 'MERCHANTIPN', '999604MERCHANTIPN');

INSERT INTO TRANSACTION (ID, CREATED_AT, MODIFIED_AT, DELETED_AT, TRANSACTION_DATE, REFERENCE_NO, CHAIN_ID, RETURN_URL,
    STATUS, OPERATION, CODE, MESSAGE, CHANNEL, CUSTOM_DATA, TYPE, REFUNDABLE,
    CUSTOMER_INFO_ID, MERCHANT_ID, ACQUIRER_TRANSACTION_ID, AGENT_ID, FX_TRANSACTION_ID, IPN_ID)
VALUES (999704, CURRENT_TIMESTAMP, CURRENT_TIMESTAMP, NULL, EXTRACT(SECOND FROM CURRENT_TIMESTAMP), 'test-transaction-4',
    '999704', NULL, 0, 0, '00', 'Approved', 'API', NULL, 'AUTH', false, 99911, 99922, 999304, 999404, 999504, 999604);
